Date,Open,High,Low,Close,Adj Close,Volume
2025-01-02,1900.00,1900.00,1820.00,1835.00,1720.84,6628000
2025-01-03,1835.00,1840.00,1775.00,1775.00,1664.57,22048300
2025-01-06,1775.00,1805.00,1745.00,1745.00,1636.44,8325600
2025-01-07,1750.00,1780.00,1750.00,1780.00,1669.26,6024700
2025-01-08,1780.00,1780.00,1725.00,1725.00,1617.69,10493000
2025-01-09,1725.00,1745.00,1690.00,1690.00,1584.86,6587100
2025-01-10,1695.00,1715.00,1685.00,1705.00,1598.93,6937800
2025-01-13,1710.00,1745.00,1705.00,1720.00,1613.00,6631600
2025-01-14,1720.00,1790.00,1720.00,1745.00,1636.44,13966800
2025-01-15,1745.00,1765.00,1735.00,1735.00,1627.06,7251900
2025-01-16,1750.00,1790.00,1745.00,1785.00,1673.95,12071200
2025-01-17,1785.00,1790.00,1765.00,1790.00,1678.64,3435700
2025-01-20,1790.00,1790.00,1750.00,1750.00,1641.13,5138200
2025-01-21,1760.00,1770.00,1730.00,1730.00,1622.37,6381600
2025-01-22,1730.00,1750.00,1695.00,1695.00,1589.55,11612400
2025-01-23,1700.00,1740.00,1700.00,1740.00,1631.75,12035700
2025-01-24,1745.00,1745.00,1690.00,1690.00,1584.86,7185100
2025-01-30,1690.00,1690.00,1645.00,1650.00,1547.35,8535800
2025-01-31,1650.00,1660.00,1630.00,1630.00,1528.60,12703300
2025-02-03,1635.00,1640.00,1580.00,1580.00,1481.71,12109000
2025-02-04,1580.00,1620.00,1560.00,1565.00,1467.64,9816400
2025-02-05,1565.00,1575.00,1550.00,1565.00,1467.64,7078900
2025-02-06,1565.00,1565.00,1500.00,1510.00,1416.06,11260100
2025-02-07,1510.00,1510.00,1425.00,1425.00,1336.35,23092400
2025-02-10,1425.00,1545.00,1425.00,1505.00,1411.37,22972400
2025-02-11,1525.00,1530.00,1425.00,1425.00,1336.35,12501100
2025-02-12,1425.00,1445.00,1370.00,1375.00,1289.46,47552000
2025-02-13,1370.00,1420.00,1290.00,1415.00,1326.97,74244500
2025-02-14,1420.00,1500.00,1420.00,1465.00,1373.86,30530500
2025-02-17,1475.00,1500.00,1425.00,1440.00,1350.42,30852000
2025-02-18,1440.00,1460.00,1420.00,1450.00,1359.79,24087300
2025-02-19,1450.00,1450.00,1375.00,1375.00,1289.46,36371600
2025-02-20,1380.00,1405.00,1330.00,1350.00,1266.01,29020400
2025-02-21,1345.00,1355.00,1290.00,1290.00,1209.75,37424600
2025-02-24,1295.00,1305.00,1255.00,1265.00,1186.30,33750800
2025-02-25,1240.00,1255.00,1150.00,1150.00,1078.46,116532600
2025-02-26,1160.00,1225.00,1155.00,1200.00,1125.35,123211400
2025-02-27,1215.00,1265.00,1185.00,1200.00,1125.35,64065200
2025-02-28,1200.00,1210.00,1015.00,1015.00,951.86,785826000
2025-03-03,985.00,1215.00,985.00,1125.00,1055.01,505933700
2025-03-04,1125.00,1160.00,1075.00,1090.00,1022.19,169188900
2025-03-05,1095.00,1185.00,1095.00,1120.00,1050.32,152284100
2025-03-06,1130.00,1165.00,1110.00,1140.00,1069.08,75420000
2025-03-07,1150.00,1240.00,1150.00,1200.00,1125.35,116830700
2025-03-10,1205.00,1230.00,1175.00,1180.00,1106.59,73948200
2025-03-11,1170.00,1200.00,1145.00,1190.00,1115.97,35888100
2025-03-12,1200.00,1210.00,1150.00,1150.00,1078.46,59364000
2025-03-13,1160.00,1280.00,1155.00,1260.00,1181.61,123437300
2025-03-14,1270.00,1335.00,1260.00,1300.00,1219.13,148060700
2025-03-17,1310.00,1375.00,1305.00,1365.00,1280.08,98617100
2025-03-18,1365.00,1380.00,1300.00,1360.00,1275.39,112819800
2025-03-19,1360.00,1420.00,1335.00,1360.00,1275.39,84280900
2025-03-20,1365.00,1370.00,1295.00,1305.00,1223.81,72533700
2025-03-21,1305.00,1330.00,1255.00,1295.00,1214.44,76199400
2025-03-24,1275.00,1290.00,1225.00,1250.00,1172.24,34134300
2025-03-25,1255.00,1275.00,1220.00,1245.00,1167.55,26275100
2025-03-26,1240.00,1275.00,1235.00,1240.00,1162.86,24278400
2025-03-27,1240.00,1285.00,1225.00,1265.00,1186.30,24029300
2025-04-08,1150.00,1180.00,1125.00,1180.00,1106.59,43015400
2025-04-09,1165.00,1220.00,1135.00,1155.00,1083.15,37069200
2025-04-10,1210.00,1285.00,1195.00,1285.00,1205.06,43797500
2025-04-11,1275.00,1340.00,1255.00,1310.00,1228.50,27972400
2025-04-14,1310.00,1420.00,1310.00,1360.00,1275.39,49982800
2025-04-15,1375.00,1380.00,1325.00,1330.00,1247.26,30552000
2025-04-16,1335.00,1355.00,1300.00,1320.00,1237.88,21173800
2025-04-17,1335.00,1345.00,1305.00,1320.00,1237.88,18038000
2025-04-21,1320.00,1415.00,1310.00,1345.00,1261.33,43443800
2025-04-22,1350.00,1400.00,1335.00,1385.00,1298.84,31082500
2025-04-23,1410.00,1450.00,1390.00,1425.00,1336.35,57026800
2025-04-24,1450.00,1500.00,1435.00,1495.00,1401.99,77362800
2025-04-25,1530.00,1865.00,1530.00,1750.00,1641.13,238892100
2025-04-28,1760.00,1795.00,1650.00,1665.00,1561.42,80356100
2025-04-29,1665.00,1700.00,1645.00,1680.00,1575.48,31457700
2025-04-30,1680.00,1750.00,1665.00,1715.00,1608.31,50952000
2025-05-02,1720.00,1775.00,1700.00,1755.00,1645.82,44238500
2025-05-05,1755.00,1850.00,1750.00,1775.00,1664.57,47018900
2025-05-06,1790.00,1835.00,1780.00,1835.00,1720.84,30049700
2025-05-07,1850.00,1860.00,1810.00,1810.00,1697.40,22389700
2025-05-08,1810.00,1810.00,1750.00,1780.00,1669.26,36530300
2025-05-09,1760.00,1815.00,1755.00,1780.00,1669.26,14223700
2025-05-14,1780.00,1820.00,1765.00,1785.00,1673.95,24584500
2025-05-15,1785.00,1825.00,1785.00,1790.00,1678.64,18453900
2025-05-16,1820.00,1820.00,1755.00,1765.00,1655.20,21422400
2025-05-19,1770.00,1785.00,1715.00,1765.00,1655.20,32689200
2025-05-20,1770.00,1780.00,1705.00,1710.00,1603.62,31119800
2025-05-21,1705.00,1760.00,1670.00,1760.00,1650.51,27634600
2025-05-22,1760.00,1855.00,1735.00,1815.00,1702.09,86079500
2025-05-23,1780.00,1805.00,1780.00,1785.00,1673.95,12099800
2025-05-26,1785.00,1805.00,1760.00,1765.00,1655.20,18393000
2025-05-27,1765.00,1790.00,1740.00,1740.00,1631.75,14533400
2025-05-28,1745.00,1750.00,1710.00,1730.00,1622.37,25197600
2025-06-02,1730.00,1765.00,1710.00,1730.00,1622.37,26515500
2025-06-03,1720.00,1765.00,1685.00,1690.00,1584.86,31456000
2025-06-04,1720.00,1735.00,1640.00,1645.00,1542.66,31712900
2025-06-05,1655.00,1655.00,1605.00,1625.00,1523.91,17144300
2025-06-10,1625.00,1665.00,1610.00,1620.00,1519.22,16264300
2025-06-11,1630.00,1635.00,1595.00,1615.00,1514.53,23130800
2025-06-12,1610.00,1650.00,1600.00,1625.00,1523.91,23384800
2025-06-13,1625.00,1625.00,1545.00,1560.00,1462.95,34564600
2025-06-16,1515.00,1535.00,1480.00,1500.00,1450.38,32740100
2025-06-17,1500.00,1500.00,1465.00,1480.00,1431.04,21223700
2025-06-18,1475.00,1475.00,1425.00,1470.00,1421.37,27062700
2025-06-19,1460.00,1470.00,1420.00,1450.00,1402.03,27276600
2025-06-20,1440.00,1455.00,1380.00,1380.00,1334.35,31257500
2025-06-23,1340.00,1390.00,1305.00,1365.00,1319.85,48228000
2025-06-24,1400.00,1465.00,1400.00,1445.00,1397.20,47068000
2025-06-25,1470.00,1470.00,1430.00,1455.00,1406.87,24246700
2025-06-26,1450.00,1460.00,1425.00,1460.00,1411.70,9127100
2025-06-30,1475.00,1475.00,1450.00,1450.00,1402.03,17199800
2025-07-01,1445.00,1485.00,1430.00,1470.00,1421.37,22311700
2025-07-02,1480.00,1530.00,1450.00,1470.00,1421.37,37642300
2025-07-03,1470.00,1625.00,1455.00,1595.00,1542.24,55965500
2025-07-04,1600.00,1605.00,1515.00,1545.00,1493.89,38933100
2025-07-07,1565.00,1570.00,1525.00,1560.00,1508.40,16928200
2025-07-08,1560.00,1560.00,1515.00,1520.00,1469.72,18964100
2025-07-09,1520.00,1520.00,1485.00,1515.00,1464.88,8633400
2025-07-10,1515.00,1600.00,1485.00,1580.00,1527.73,38371900
2025-07-11,1585.00,1620.00,1570.00,1575.00,1522.90,30404800
2025-07-14,1575.00,1600.00,1550.00,1575.00,1522.90,12776800
2025-07-15,1575.00,1580.00,1545.00,1570.00,1518.06,9128300
2025-07-16,1565.00,1575.00,1540.00,1560.00,1508.40,14183800
2025-07-17,1560.00,1610.00,1550.00,1575.00,1522.90,24874600
2025-07-18,1580.00,1595.00,1510.00,1510.00,1460.05,23315100
2025-07-21,1515.00,1590.00,1515.00,1550.00,1498.73,25039900
2025-07-22,1550.00,1585.00,1550.00,1570.00,1518.06,15936600
2025-07-23,1580.00,1590.00,1535.00,1570.00,1518.06,15743800
2025-07-24,1570.00,1625.00,1570.00,1585.00,1532.57,24659800
2025-07-25,1595.00,1610.00,1540.00,1545.00,1493.89,14119700
2025-07-28,1545.00,1580.00,1545.00,1555.00,1503.56,26625700
2025-07-29,1560.00,1575.00,1540.00,1555.00,1503.56,29894600
2025-07-30,1555.00,1560.00,1525.00,1530.00,1479.39,16040100
2025-07-31,1570.00,1740.00,1525.00,1710.00,1653.43,213621800
2025-08-01,1705.00,1780.00,1690.00,1770.00,1711.45,99467400
2025-08-04,1775.00,1785.00,1735.00,1760.00,1701.78,37102700
2025-08-05,1760.00,1835.00,1750.00,1800.00,1740.46,85662300
2025-08-06,1800.00,1800.00,1735.00,1735.00,1677.61,33639400
2025-08-07,1735.00,1770.00,1735.00,1765.00,1706.61,15105200
2025-08-08,1765.00,1795.00,1735.00,1750.00,1692.11,12034100
2025-08-11,1755.00,1780.00,1750.00,1760.00,1701.78,18272400
2025-08-12,1760.00,1820.00,1760.00,1790.00,1730.79,38523100
2025-08-13,1800.00,1825.00,1775.00,1785.00,1725.95,26026700
2025-08-14,1795.00,1915.00,1790.00,1830.00,1769.46,85270700
2025-08-15,1830.00,1840.00,1750.00,1750.00,1692.11,36984000
2025-08-19,1755.00,1845.00,1755.00,1830.00,1769.46,40630500
2025-08-20,1830.00,1840.00,1785.00,1805.00,1745.29,21223900
2025-08-21,1800.00,1830.00,1800.00,1815.00,1754.96,10486800
2025-08-22,1830.00,1830.00,1770.00,1770.00,1711.45,14344500
2025-08-25,1775.00,1810.00,1770.00,1775.00,1716.28,10311100
2025-08-26,1775.00,1800.00,1750.00,1790.00,1730.79,14548700
2025-08-27,1790.00,1795.00,1735.00,1755.00,1696.94,15955700
2025-08-28,1755.00,1760.00,1745.00,1750.00,1692.11,13246200
2025-08-29,1730.00,1730.00,1690.00,1700.00,1643.76,24836500
2025-09-01,1650.00,1710.00,1645.00,1700.00,1643.76,15262900
2025-09-02,1700.00,1745.00,1700.00,1700.00,1643.76,15840700
2025-09-03,1700.00,1730.00,1700.00,1710.00,1653.43,11426700
2025-09-04,1705.00,1735.00,1700.00,1705.00,1648.60,27702300
2025-09-08,1705.00,1715.00,1685.00,1695.00,1638.93,38625200
2025-09-09,1695.00,1695.00,1645.00,1655.00,1600.25,54269100
2025-09-10,1670.00,1720.00,1660.00,1700.00,1643.76,26787800
2025-09-11,1725.00,1745.00,1710.00,1720.00,1663.10,10286400
2025-09-12,1720.00,1725.00,1690.00,1695.00,1638.93,10326000
2025-09-15,1695.00,1730.00,1685.00,1690.00,1634.10,44103900
2025-09-16,1700.00,1770.00,1695.00,1740.00,1682.44,28476400
2025-09-17,1740.00,1765.00,1715.00,1735.00,1677.61,12700500
2025-09-18,1745.00,1755.00,1705.00,1710.00,1653.43,11695200
2025-09-19,1715.00,1725.00,1700.00,1715.00,1658.27,22797600
2025-09-22,1725.00,1730.00,1710.00,1715.00,1658.27,12021400
2025-09-23,1725.00,1780.00,1700.00,1775.00,1716.28,29171000
2025-09-24,1800.00,1805.00,1730.00,1735.00,1677.61,23291800
2025-09-25,1715.00,1780.00,1715.00,1735.00,1677.61,14402500
2025-09-26,1780.00,1940.00,1775.00,1830.00,1769.46,134223700
2025-09-29,1830.00,1840.00,1750.00,1760.00,1701.78,37519500
2025-09-30,1750.00,1790.00,1735.00,1780.00,1721.12,23784800
2025-10-01,1770.00,1815.00,1745.00,1780.00,1721.12,22048100
2025-10-02,1785.00,1860.00,1765.00,1790.00,1730.79,24568600
2025-10-03,1790.00,1875.00,1785.00,1835.00,1774.30,33563100
2025-10-06,1850.00,1890.00,1820.00,1860.00,1798.47,22207000
2025-10-07,1860.00,1885.00,1810.00,1830.00,1769.46,27722000
2025-10-08,1840.00,1880.00,1825.00,1855.00,1793.64,15182700
2025-10-09,1865.00,1975.00,1865.00,1915.00,1851.65,78749900
2025-10-10,1935.00,1940.00,1890.00,1900.00,1837.15,14263100
2025-10-13,1870.00,1900.00,1815.00,1850.00,1788.80,25615900
2025-10-14,1870.00,1870.00,1800.00,1800.00,1740.46,26174800
2025-10-15,1825.00,1855.00,1810.00,1835.00,1774.30,23439100
2025-10-16,1860.00,2020.00,1860.00,1985.00,1919.34,80433300
2025-10-17,1985.00,1995.00,1885.00,1900.00,1837.15,51732500
2025-10-20,1935.00,2130.00,1935.00,2080.00,2011.19,86711600
2025-10-21,2100.00,2110.00,2020.00,2050.00,1982.19,29597600
2025-10-22,2050.00,2150.00,2020.00,2070.00,2001.52,49090900
2025-10-23,2180.00,2270.00,2140.00,2260.00,2185.24,130049800
2025-10-24,2260.00,2700.00,2250.00,2530.00,2446.31,267179900
2025-10-27,2580.00,2840.00,2530.00,2710.00,2620.35,277535000
2025-10-28,2680.00,2720.00,2450.00,2490.00,2407.63,156918700
2025-10-29,2510.00,2610.00,2470.00,2580.00,2494.65,73171300
2025-10-30,2610.00,2670.00,2560.00,2560.00,2475.32,49537500
2025-10-31,2600.00,2660.00,2530.00,2580.00,2494.65,63108200
2025-11-03,2630.00,2700.00,2590.00,2670.00,2581.68,49127900
2025-11-04,2700.00,2750.00,2600.00,2690.00,2601.02,57648100
2025-11-05,2690.00,2740.00,2660.00,2690.00,2601.02,41343200
2025-11-06,2660.00,2680.00,2600.00,2620.00,2533.33,29525900
2025-11-07,2600.00,2610.00,2520.00,2530.00,2446.31,48504400
2025-11-10,2570.00,2600.00,2500.00,2530.00,2446.31,49312800
2025-11-11,2560.00,2570.00,2460.00,2490.00,2407.63,47905800
2025-11-12,2490.00,2590.00,2480.00,2550.00,2465.65,35515000
2025-11-13,2560.00,2560.00,2490.00,2490.00,2407.63,16292900
2025-11-14,2490.00,2560.00,2490.00,2510.00,2426.97,16720600
2025-11-17,2540.00,2620.00,2520.00,2590.00,2504.32,37359900
2025-11-18,2610.00,2630.00,2510.00,2510.00,2426.97,28725900
2025-11-19,2520.00,2580.00,2520.00,2580.00,2494.65,13777400
2025-11-20,2600.00,2620.00,2560.00,2600.00,2513.99,20738000
2025-11-21,2600.00,2670.00,2540.00,2540.00,2455.98,27647200
2025-11-24,2560.00,2670.00,2560.00,2670.00,2581.68,32673700
2025-11-25,2670.00,2670.00,2580.00,2630.00,2543.00,25207700
2025-11-26,2640.00,2690.00,2590.00,2600.00,2513.99,21031000
2025-11-27,2620.00,2630.00,2560.00,2600.00,2513.99,34235900
2025-11-28,2620.00,2640.00,2590.00,2600.00,2513.99,18013700
2025-12-01,2570.00,2650.00,2570.00,2620.00,2533.33,17322300
2025-12-02,2620.00,2670.00,2600.00,2650.00,2562.34,35263000
2025-12-03,2670.00,2800.00,2670.00,2770.00,2678.37,65741000
2025-12-04,2800.00,2810.00,2690.00,2770.00,2678.37,40071400
2025-12-05,2780.00,2790.00,2710.00,2710.00,2620.35,34350200
2025-12-08,2730.00,2730.00,2620.00,2620.00,2533.33,34429000
2025-12-09,2620.00,2710.00,2590.00,2670.00,2581.68,44953900
2025-12-10,2710.00,2750.00,2670.00,2730.00,2639.69,29651800
2025-12-11,2730.00,2740.00,2600.00,2640.00,2552.67,30830400
2025-12-12,2640.00,2660.00,2600.00,2630.00,2543.00,14728100
2025-12-15,2590.00,2610.00,2570.00,2580.00,2580.00,18476400
2025-12-16,2580.00,2710.00,2580.00,2710.00,2710.00,32058000
2025-12-17,2700.00,2700.00,2630.00,2630.00,2630.00,20817800
2025-12-18,2630.00,2680.00,2620.00,2650.00,2650.00,17521000
2025-12-19,2660.00,2770.00,2610.00,2770.00,2770.00,28983500
2025-12-22,2730.00,2730.00,2670.00,2700.00,2700.00,22606200
2025-12-23,2690.00,2700.00,2610.00,2610.00,2610.00,17218500
2025-12-24,2620.00,2620.00,2590.00,2600.00,2600.00,10056300
2025-12-29,2610.00,2630.00,2560.00,2600.00,2600.00,13763200
2025-12-30,2600.00,2660.00,2590.00,2600.00,2600.00,17928600
